id,dep,name,pop2018,agri,art,cadr,interm,emp,ouvr,retr
38001,38,Les Abrets en Dauphiné,"6336,00000000001","30,1300252235537","210,915649207873","256,042940863972","712,916677320081","833,301402802868","948,768588309413","1397,16841652515"
38002,38,Les Adrets,1025,0,"53,0338664158043","168,744120413923","163,922859830668","81,961429915334","67,4976481655692","159,101599247413"
38003,38,Agnin,1127,0,"28,8974358974359","72,2435897435898","168,568376068376","139,67094017094","134,854700854701","192,649572649573"
38004,38,L'Albenc,1279,25,30,65,215,130,175,210
38005,38,Allemond,954,5,75,30,160,150,120,170
38006,38,Allevard,"4061,99999999999",0,"176,724591554378","323,153538842292","535,223048707546","469,582486130205","469,582486130205","984,161279798845"
38008,38,Ambel,28,10,0,0,0,0,0,10
38009,38,Anjou,1009,"9,95874861574144","54,9143834821459","59,9940860210175","124,943784283841","100,025142501306","114,986118297536","278,482466616045"
38010,38,Annoisin-Chatelans,686,"14,7844827586207","44,3534482758621","54,2097701149425","113,347701149425","64,066091954023","78,8505747126437","113,347701149425"
38011,38,Anthon,1073,5,55,75,185,125,130,220
38012,38,Aoste,"2879,99999999999",0,"100,059101654846","80,0472813238771","334,884300997716","305,180260047282","425,251182033097","618,797982529952"
38013,38,Apprieu,3347,"19,8046753500942","123,779220938088","331,728312114077","440,654026539595","356,484156301695","386,191169326836","663,456624228154"
38015,38,Artas,1804,5,95,105,230,235,265,345
38017,38,Assieu,1529,"9,30614729153986","32,5715155203895","93,0614729153986","307,102860620815","195,429093122337","204,735240413877","237,306755934266"
38018,38,Auberives-en-Royans,"368,999999999998","10,1652892561983",0,"15,2479338842975","35,5785123966942","55,9090909090909","66,0743801652892","66,0743801652892"
38019,38,Auberives-sur-Varèze,1482,"5,00676132521974","65,0878972278566","85,1149425287356","210,283975659229","275,371872887086","180,243407707911","205,277214334009"
38020,38,Auris,185,0,30,5,35,20,25,35
38022,38,Les Avenières Veyrins-Thuellin,7772,"39,8412603810128","268,928507571836","388,452288714875","806,785522715509","956,190249144307","1208,94223351843","1797,8368746932"
38023,38,Avignonet,197,0,"4,97474747474747","14,9242424242424","44,7727272727272","29,8484848484848",0,"39,7979797979798"
38026,38,La Balme-les-Grottes,1068,"10,0369831741622","20,1629923191706","51,0846517716213","174,135472048491","153,905789831931","143,236121141977","160,333963412957"
38027,38,Barraux,1918,"4,83610690872416","62,8693898134141","207,952597075139","362,708018154312","212,788703983863","169,263741805346","333,691376701967"
38029,38,La Bâtie-Montgascon,1932,"10,1051926862007","111,158574350027","71,0235255991057","207,890935845365","228,358661161598","283,955871518268","358,041675567709"
38030,38,Beaucroissant,1713,0,75,50,215,245,235,330
38031,38,Beaufin,20,0,0,0,0,"4,76190476190476","4,76190476190476","4,76190476190476"
38032,38,Beaufort,561,"10,2346755676711","25,6044727047062","5,12624129483344","46,0916618709764","87,0216080110911","66,5700794426276","153,20867309691"
38033,38,Beaulieu,"635,999999999999","25,1184834123222","25,1184834123222","60,2843601895734","80,3791469194312","40,1895734597156","55,260663507109","180,85308056872"
38034,38,Beaurepaire,"4953,00000000002","45,1813488655427","106,756098099411","146,034741533767","397,316721684961","584,095442297418","740,508377355204","1344,08165036063"
38035,38,Beauvoir-de-Marc,1111,5,95,60,180,150,70,235
38036,38,Beauvoir-en-Royans,"92,9999999999998","5,10989010989011",0,"15,3296703296703","15,3296703296703","5,10989010989011","5,10989010989011","15,3296703296703"
38037,38,Bellegarde-Poussieu,990,"4,99490989586452","29,9694593751871","64,9338286462388","169,826936459394","124,872747396613","74,9236484379678","269,725134376684"
38038,38,Belmont,598,0,"14,9749582637729","19,9666110183639","129,782971619365","69,8831385642737","64,8914858096827","94,8414023372286"
38039,38,Bernin,3044,"5,20634438843405","134,174486246349","606,859143258168","291,261602185669","208,245708413073","70,1758322880314","774,874272980749"
38040,38,Besse,133,"4,48982264895823","4,48982264895823","4,48982264895823","26,9389358937494","13,4694679468747","8,97964529791646","53,8778717874988"
38041,38,Bessins,113,"14,6120689655172","4,87068965517241","4,87068965517241","9,74137931034482","4,87068965517241","14,6120689655172","43,8362068965517"
38042,38,Bévenais,1015,"4,96089931573803","14,8826979472141","84,3352883675465","128,983382209189","124,022482893451","59,5307917888564","262,927663734116"
38043,38,Bilieu,1560,0,"59,4285714285714","143,619047619048","212,952380952381","222,857142857143","128,761904761905","287,238095238095"
38044,38,Biol,1436,"39,5153029843214","54,333541603442","93,8488445877634","182,758276302487","148,182386191205","143,242973318165","345,758901112813"
38045,38,Biviers,"2358,99999999999","5,11881047947681","117,732641027967","435,098890755529","204,752419179072","127,97026198692","35,8316733563377","772,940382400998"
38046,38,Bizonnes,977,"14,5820895522388","34,0248756218906","34,0248756218906","140,960199004975","111,796019900498","155,542288557214","194,427860696518"
38047,38,Blandin,148,"20,5555555555556",0,"5,13888888888889","25,6944444444444","25,6944444444444","10,2777777777778","20,5555555555556"
38048,38,Bonnefamille,1084,0,"45,5217162179966","121,391243247991","171,970927934654","96,1014009046595","101,159369373326","201,518720204549"
38049,38,Bossieu,"299,000000000001","15,3975381941803","15,582105077822","10,2650254627869","26,0285478144168","20,7114403715897","46,206760965394","100,874046107333"
38050,38,Le Bouchage,"626,000000000001","5,03006534614248","35,1971480021131","10,053467089368","60,294059282514","100,454396770565","80,3742413209908","155,551542923722"
38051,38,Bougé-Chambalud,1363,"29,6649094397074","39,460931257725","39,6736741212668","205,326780141832","120,431015254375","193,530429130113","286,014669950938"
38052,38,Le Bourg-d'Oisans,3267,"20,1115399944148","184,672601560648","198,497422434074","488,378668103543","483,835936878427","298,831909387461","770,813056534701"
38053,38,Bourgoin-Jallieu,28494,"20,213126513541","639,888674288944","1727,53885314945","3339,66751134085","3914,18633793897","3691,49141688146","5637,00035966592"
38054,38,Bouvesse-Quirieu,1523,"5,01800327905731","70,4646672536141","55,2943881239306","255,921163430004","185,534472629676","175,844052981092","324,890824845705"
38055,38,Brangues,629,"5,0279444536228","15,068238916515","20,1117993480498","70,2977094739635","80,4003655752282","90,4354493417487","140,481041713141"
38056,38,Bressieux,93,0,0,20,15,10,0,30
38057,38,Bresson,"676,999999999999",0,"40,7831325301205","132,545180722892","81,566265060241","50,9789156626506","20,3915662650602","198,817771084337"
38058,38,Brézins,2161,"14,6528954116195","102,570267881336","68,3801785875575","278,40501282077","258,86781893861","303,059450964949","346,785191408327"
38059,38,Brié-et-Angonnes,2554,"5,00822386849305","130,366220472676","332,542790128914","329,720621690461","200,172769495377","105,717168693342","665,211560923705"
38060,38,Brion,142,"4,93055555555556",0,0,"19,7222222222222","14,7916666666667","19,7222222222222","39,4444444444445"
38061,38,La Buisse,3189,"5,31312593270724","123,039010073821","462,930518910973","528,282943896502","278,521634092419","176,231302963802","526,754307478909"
38062,38,La Buissière,700,"4,58715596330275","18,348623853211","68,8073394495412","91,743119266055","110,091743119266","68,8073394495412","142,201834862385"
38063,38,Burcin,431,0,10,5,45,55,70,110
38064,38,Cessieu,3053,0,"139,536168972679","206,898457442248","433,043283018659","375,304178616171","370,868310812493","577,391044024879"
38065,38,Châbons,2065,20,60,70,245,280,295,405
38066,38,Chalon,"177,000000000001",0,"10,2312138728324","15,3468208092485","15,3468208092485","15,3468208092485","25,5780346820809","46,0404624277456"
38067,38,Chamagnieu,1697,0,"102,826091572227","132,201257974675","302,789051592641","227,37680110416","165,113341173752","271,448124153552"
38068,38,Champagnier,1214,"4,92205355676948","50,5083622275843","155,427021392441","170,429089848029","124,381715737712","64,0810438739971","289,53294501605"
38069,38,Champier,1419,0,"24,4306539778507","73,2919619335521","151,470054662674","224,762016596226","205,217493413946","288,281716938638"
38070,38,Le Champ-près-Froges,1186,0,25,100,175,170,60,350
38071,38,Champ-sur-Drac,3090,0,"66,4516129032258","213,594470046083","469,907834101382","436,682027649769","337,004608294931","702,488479262672"
38072,38,Chanas,"2711,00000000001","20,1721011343714","131,537782179094","131,508063932231","353,864483817762","378,801606743226","399,097991484848","493,549741128328"
38073,38,Chantepérier,199,"4,83967665348738","9,67935330697476","4,83967665348738","14,8326709440137","14,6758504522379","14,5190299604621","83,3722465517158"
38074,38,Chantesse,348,0,"9,66666666666666","24,1666666666667","43,5","43,5","24,1666666666667","111,166666666667"
38075,38,Chapareillan,"2996,99999999999","20,1478991596639","115,850420168067","337,47731092437","433,179831932773","302,218487394958","317,329411764706","559,104201680673"
38076,38,La Chapelle-de-la-Tour,1846,"4,89395546129374","53,8335100742311","122,348886532343","259,379639448568","230,015906680806","176,182396606575","469,819724284199"
38077,38,La Chapelle-de-Surieu,751,30,40,55,155,90,60,100
38078,38,La Chapelle-du-Bard,"576,999999999999","4,91080657120628","20,4397427060651","36,5870655792225","92,1894042042424","60,1943877285385","45,6262804325307","88,2733338275027"
38080,38,Charancieu,"768,999999999999","5,14678463124161","24,7691245421505","60,0684894292162","134,223098684945","74,3913208415462","163,288399693858","111,687770013465"
38081,38,Charantonnay,1940,"24,6317927882173","93,6008125952259","123,158963941087","251,244286439817","231,538852209243","172,422549517521","463,077704418486"
38082,38,Charavines,1914,"14,4753837031012","83,8331657194387","112,471671556777","190,736970440564","304,506773774061","245,876164872746","399,859062512571"
38083,38,Charette,"454,000000000001","15,1333333333333","5,04444444444444","20,1777777777778","30,2666666666666","126,111111111111","80,711111111111","75,6666666666666"
38084,38,Charnècles,1405,15,30,85,205,130,145,410
38085,38,Charvieu-Chavagneux,10029,10,230,440,1330,1235,1325,1570
38086,38,Chasselay,"405,000000000001","9,89601761363412","30,1485541774878","9,89601761363412","40,138364474092","44,7697301740804","29,873939639041","122,516549239821"
38087,38,Chasse-sur-Rhône,6128,10,160,265,785,805,675,1105
38089,38,Chassignieu,"228,000000000001",0,"5,13513513513514","5,13513513513514","35,945945945946","30,8108108108108","30,8108108108108","61,6216216216217"
38090,38,Château-Bernard,268,0,"5,0187265917603","30,1123595505618","45,1685393258427","50,187265917603","30,1123595505618","60,2247191011236"
38091,38,Châteauvilain,"747,999999999997","10,4865894909975","21,2803030910111","57,947802294646","126,203777751799","73,4025498225037","84,3135401076059","148,59015590363"
38092,38,Châtelus,90,"4,94505494505495","4,94505494505495","4,94505494505495","9,8901098901099","4,94505494505495","19,7802197802198","34,6153846153846"
38093,38,Châtenay,443,"5,06159110114348","15,0897941147901","15,3802154297173","44,8245222338984","50,165737579292","54,2828160326824","119,432065237186"
38094,38,Châtonnay,"2045,99999999999","10,1287128712871","60,7722772277227","106,351485148515","298,79702970297","273,475247524752","243,089108910891","465,920792079208"
38095,38,Chatte,"2499,99999999999","15,2086370004875","111,530004670242","86,1822763360959","258,546829008288","299,103194342921","339,97025823004","775,015987832398"
38097,38,Chavanoz,4777,"4,814553517436","149,251159040516","250,356782906672","621,077403749244","568,117315057448","746,25579520258","698,11026002822"
38098,38,Chélieu,694,"4,75929133530691","33,3150393471484","95,1858267061382","99,9451180414451","85,6672440355244","104,704409376752","114,222992047366"
38099,38,Chevrières,717,"4,87482614742699","29,2489568845619","58,4979137691239","97,4965229485398","107,246175243394","73,1223922114048","151,119610570237"
38100,38,Le Cheylas,2555,0,"103,04273395844","187,438201017909","374,120172922446","457,014553300993","265,205419070747","422,890340862838"
38101,38,Cheyssieu,1024,5,10,55,155,120,135,240
38102,38,Chèzeneuve,611,"4,76599063962559","33,3619344773791","85,7878315132606","81,021840873635","66,7238689547583","52,4258970358815","109,617784711389"
38103,38,Chichilianne,307,0,"15,0983606557377","40,2622950819672","50,327868852459","30,1967213114754","30,1967213114754","60,3934426229508"
38104,38,Chimilin,1432,"10,148830616584","45,6697377746279","71,0418143160879","202,97661233168","192,827781715096","182,678951098512","324,762579730687"
38105,38,Chirens,2352,"15,0320103704243","141,396423129958","196,837377477641","307,655216742047","295,91928175213","227,743994092205","512,677686744864"
38106,38,Cholonge,337,"14,2796610169492","14,2796610169492","47,5988700564972","61,8785310734464","23,7994350282486","14,2796610169492","61,8785310734464"
38107,38,Chonas-l'Amballan,1672,"14,8666271487848","79,2886781268525","133,799644339064","312,199170124482","218,043864848844","104,066390041494","317,15471250741"
38108,38,Choranche,121,"4,99968105667633","14,999043170029","9,99936211335266","4,99968105667633","14,999043170029","14,999043170029","34,9977673967343"
38109,38,Chozeau,1052,"10,7104735170857","50,8485845679935","162,648695466877","154,835905651152","89,6481739851305","61,0014071533358","214,466116355981"
38110,38,Chuzelles,2221,"4,82826086956522","77,2521739130435","236,584782608696","337,978260869565","284,867391304348","164,160869565217","502,139130434783"
38111,38,Claix,7921,"39,9688011155285","254,801107111494","1109,13423095592","1129,11863151368","729,430620358395","394,691911015844","1998,44005577642"
38112,38,Clavans-en-Haut-Oisans,"99,9999999999999",0,0,0,0,"24,7433875979114","14,8460325587468","54,4354527154051"
38113,38,Clelles,"541,000000000001","10,0499383504451","39,7389115625394","14,8444942523922","50,1906687449564","54,4673771862155","74,3431280090287","196,027080649526"
38114,38,Clonas-sur-Varèze,1453,"15,2457790373461","48,6547674081015","101,57104884562","279,334361942366","229,510184635562","117,712324384064","251,738339663344"
38115,38,Saint-Martin-de-la-Cluze,723,"9,8233695652174","19,6467391304348","54,0285326086957","127,703804347826","83,4986413043479","73,6752717391305","108,057065217391"
38116,38,Cognet,41,0,0,0,"9,53488372093024","9,53488372093024","4,76744186046512","4,76744186046512"
38117,38,Cognin-les-Gorges,633,"10,0796178343949","20,1592356687898","30,2388535031847","115,915605095541","60,4777070063694","80,6369426751592","146,154458598726"
38118,38,Colombe,"1596,00000000001","5,12799494534703","76,0654896838444","136,506124438991","238,901026552072","181,495057850245","192,675901171862","308,629717433767"
38120,38,La Combe-de-Lancey,705,0,"59,6614950634697","129,266572637518","49,7179125528914","99,4358251057828","34,802538787024","134,238363892807"
38124,38,Corbelin,2210,"4,81639685570335","60,6857327014532","133,988737231406","292,620510189422","334,041611967091","358,277493603081","420,66791426517"
38126,38,Corenc,"4053,00000000001",0,"141,55216422533","898,951832433708","419,636091929694","192,459132668046","101,10997204255","1016,75221179287"
38127,38,Cornillon-en-Trièves,"166,000000000001","5,03030303030303",0,"15,0909090909091","10,0606060606061","15,0909090909091","15,0909090909091","60,3636363636364"
38128,38,Corps,"469,999999999999","11,0831291925182","27,7078229812956","11,0831291925182","22,1662583850365","76,5307038939681","54,3644455089316","159,629341331075"
38129,38,Corrençon-en-Vercors,357,"4,95821727019499","34,7075208913649","19,83286908078","49,5821727019499","49,5821727019499","24,791086350975","79,3314763231198"
38130,38,La Côte-Saint-André,4820,"10,0159126887216","175,278472052628","221,099692311866","458,478303919635","575,914979601492","714,659066785801","1267,06303120177"
38131,38,Les Côtes-d'Arey,2023,"24,8351208223079","100,594278721165","199,555770740903","299,751941203225","264,428879019356","169,87369702048","401,254875537674"
38132,38,Les Côtes-de-Corps,71,0,"4,86301369863014",0,"19,4520547945206",0,"4,86301369863014","53,4931506849315"
38133,38,Coublevie,5026,0,"115,445854958814","731,157081405822","779,259520971994","471,40390774849","230,891709917628","1143,82686437784"
38134,38,Cour-et-Buis,906,0,25,45,150,80,90,250
38135,38,Courtenay,1275,15,65,85,200,160,220,190
38136,38,Crachier,"524,999999999999",0,"25,7744827475372","51,9978365062205","87,766456933325","77,4212526584009","82,5960939847331","73,2898965763226"
38137,38,Cras,433,0,10,40,60,40,40,95
38138,38,Crémieu,3311,0,"130,499175044702","235,544761185694","454,116439584734","382,115796476531","316,424706549602","696,597897381063"
38139,38,Creys-Mépieu,1499,"19,9195330467773","40,1953294618983","9,98933912349604","209,898664111274","189,804487986323","243,973143772178","308,622280777473"
38140,38,Crolles,"8260,00000000002","4,83085271448073","160,057335598577","1254,38990725231","1174,92267846876","825,688598648443","471,64095730275","1634,86352563143"
38141,38,Culin,752,"4,96042216358839","54,5646437994723","69,4459102902375","124,01055408971","79,3667546174142","74,4063324538259","138,891820580475"
38144,38,Diémoz,2748,"10,429313582427","128,120485172481","193,482335281771","394,394287706933","341,732979001715","342,537878567954","590,392278458101"
38146,38,Dizimieu,"832,000000000003",0,"20,1209189842805","75,453446191052","130,785973397823","120,725513905683","100,604594921403","140,846432889964"
38147,38,Doissin,875,0,45,35,150,100,100,170
38148,38,Dolomieu,3176,"15,1073614641535","160,522227019061","205,602093153846","401,223924440299","370,73924159665","311,086380664861","716,445152310352"
38149,38,Domarin,1674,"5,05704149672593","35,2342472007349","166,256747788834","297,244890896171","171,313938596138","181,445409336614","318,158586729384"
38150,38,Domène,"6700,99999999999","5,00300774406471","134,225432807783","614,690218119703","957,540037208778","984,40983632626","615,809746391005","1588,61422808812"
38151,38,Échirolles,36961,"10,0477569122215","748,799092960692","1826,03854507836","3667,97557957222","5371,3203996129","3931,3956730717","7557,21966581814"
38152,38,Eclose-Badinières,1438,0,"76,8186686024688","81,976657307522","184,325907016651","204,969461791096","256,08856116491","205,510618851888"
38153,38,Engins,"456,999999999999",0,"15,5442176870748","41,4512471655329","67,3582766439909","56,9954648526077","36,2698412698413","134,716553287982"
38154,38,Entraigues,226,"4,82905982905983","9,65811965811966","9,65811965811966",0,"38,6324786324786","9,65811965811966","115,897435897436"
38155,38,Entre-deux-Guiers,1817,"4,87630208333334","48,7630208333334","58,5156250000001","258,444010416667","209,680989583334","180,423177083334","436,909859572784"
38156,38,Les Éparres,"978,999999999995","5,03600823045267","35,2520576131687","65,4681069958847","151,08024691358","146,044238683127","100,720164609053","171,224279835391"
38157,38,Estrablin,3450,"23,8259668508287","114,364640883978","266,850828729282","362,154696132597","376,450276243094","271,616022099448","962,569060773482"
38158,38,Eybens,9947,0,"329,702273854163","1115,16725294137","1538,21150434425","1389,27202516182","772,660662312298","2057,99355011741"
38159,38,Eydoche,"535,999999999999","10,1013368099721","15,1657787937237","55,6278236590603","75,7233313373521","45,3627669263378","65,2964452809652","75,1824454540206"
38160,38,Eyzin-Pinet,2272,"15,1451904065822","75,8279421560423","146,161954171629","297,167164421167","302,52163973449","287,853915171031","476,421217111262"
38161,38,Faramans,1041,"25,1842839172053","45,3059886093932","55,3131389503584","120,708374453067","135,70304369027","110,636836951892","237,010367359659"
38162,38,Faverges-de-la-Tour,1461,0,"65,7332886369349","111,184837981451","161,942026260615","156,618892394475","171,901905629671","347,250610110592"
38163,38,Le Haut-Bréda,"393,000000000001","10,0358300228948","34,7193742113248","9,62979915408782","52,7608799130795","38,9252274851582","33,5012816049039","130,205304014589"
38166,38,La Flachère,"478,000000000001",0,"26,3215859030837","52,6431718061674","42,1145374449339","57,9074889867841","21,057268722467","126,343612334802"
38167,38,Flachères,"531,999999999999","10,1597447603774","15,3741612894392","10,1597447603774","71,2202795637584","60,9600122585223","91,1052024359687","112,564013288465"
38169,38,Fontaine,22906,"2,94267903739244","507,812432433991","1687,79915190475","2635,00334943323","3284,36178186678","2716,59410586222","4526,46622370481"
38170,38,Fontanil-Cornillon,2940,"4,37454696075394","91,8654861758327","341,214662938807","424,331055193132","288,72009940976","188,315211763486","820,575230402796"
38171,38,La Forteresse,328,"10,1863354037267","25,4658385093168","30,5590062111801","30,5590062111801","40,7453416149068","20,3726708074534","81,4906832298136"
38172,38,Four,1582,"5,30585726540829","53,2552036695377","178,547057284752","273,15699782851","211,37651771052","169,279783796977","258,268234676618"
38173,38,Le Freney-d'Oisans,249,"4,94047619047619","9,88095238095238","4,94047619047619","24,7023809523809","39,5238095238095","19,7619047619048","59,2857142857143"
38174,38,La Frette,1091,"19,5125894310468","68,5578939981038","15,0293524361862","127,373231919711","132,879162953247","157,754688038238","210,85154964489"
38175,38,Froges,3361,0,"69,359063216805","277,43625286722","470,650786114034","490,467661318836","317,070003276823","822,458286264937"
38176,38,Frontonas,"2091,00000000001","15,1397344668917","55,8012880324415","231,63664551949","307,915348399736","208,115693708598","192,542166229096","429,179912524972"
38177,38,La Garde,101,"4,90291262135922","14,7087378640777",0,0,0,"4,90291262135922","68,6407766990291"
38179,38,Gières,6956,"19,5029500901365","112,141963018285","1131,17110522792","896,759750992906","828,875378830802","458,319327118208","1052,783351714"
38180,38,Gillonnay,1012,0,"19,9802566633761","24,9753208292201","204,797630799605","124,876604146101","114,886475814413","254,748272458046"
38181,38,Goncelin,2470,5,95,310,335,285,255,400
38182,38,Le Grand-Lemps,3085,"5,15427648979434","84,4601903212715","168,503516189298","389,312957251813","433,557207904767","434,821635021832","609,279682482579"
38183,38,Granieu,500,"4,99460473370764","20,0075686114107","29,9823090751519","94,8545054061169","50,0043890980104","44,9227156499071","65,1628478976696"
38184,38,Grenay,1596,"4,86633404407932","75,0049593903359","108,759392498512","268,059999056691","224,823114449262","182,707865080569","242,613285562853"
38185,38,Grenoble,157650,"32,5486173547312","3185,40582477479","23037,074387036","19921,7101046209","18794,0698232893","9990,66389671652","24782,9510667908"
38186,38,Gresse-en-Vercors,386,"15,7336956521739","15,7336956521739","41,9565217391304","36,7119565217391","36,7119565217391","15,7336956521739","141,603260869565"
38187,38,Le Gua,1793,"5,01678728985601","35,239962020285","171,157987098442","276,972467944584","251,986184932867","161,36720112914","491,410502789355"
38188,38,Herbeys,1361,"19,985315712188","84,9375917767988","179,867841409692","134,900881057269","104,922907488987","29,9779735682819","389,713656387665"
38189,38,Heyrieux,4767,5,140,350,620,710,420,1175
38190,38,Hières-sur-Amby,1166,0,55,30,145,150,195,230
38191,38,Huez,1303,0,"145,040636530653","55,0578202534115","275,218539481095","220,236746594579","130,062313359534","125,303224718188"
38192,38,Hurtières,181,0,"4,35096153846154","13,0528846153846","39,1586538461539","26,1057692307692","8,70192307692308","26,1057692307692"
38193,38,L'Isle-d'Abeau,16169,"3,86250392091456","235,56844158883","1219,76153559173","2068,98002760556","2308,66888643893","2360,5466985333","1292,12037270548"
38194,38,Izeaux,2139,"9,74588796905776","64,8084581107659","104,00906778016","240,271080597711","247,904851336208","308,785222075768","495,572378024328"
38195,38,Izeron,739,15,45,35,65,125,95,165
38197,38,Janneyrias,"1817,99999999999","35,0578512396694","85,1404958677686","125,206611570248","365,603305785124","240,396694214876","150,247933884298","265,438016528926"
38198,38,Jarcieu,1048,"14,8441926345609","19,7922568460812","49,480642115203","108,857412653447","207,818696883853","138,545797922568","227,610953729934"
38199,38,Jardin,"2180,99999999999",0,"70,8128394666976","232,670758247721","328,773897523953","212,438518400093","187,148218590558","587,150530878373"
38200,38,Jarrie,3763,"4,97883037840699","129,449589838582","428,179412543001","557,629002381583","453,073564435036","229,026197406722","846,401164329188"
38203,38,Laffrey,"457,000000000002",0,"10,2593114294327","35,9133268500313","97,8722042075005","61,3155721865288","25,6514546565016","70,2909143213817"
38204,38,Lalley,"192,999999999999","5,02604166666667","35,1822916666667","20,1041666666667","15,078125","10,0520833333333","20,1041666666667","55,2864583333334"
38205,38,Lans-en-Vercors,2664,"19,9103139013453","74,6636771300448","393,228699551569","438,026905829596","318,565022421524","114,484304932735","487,802690582959"
38206,38,Laval-en-Belledonne,982,15,25,155,115,70,60,210
38207,38,Lavaldens,151,"14,9998820222719",0,0,"4,99996067409062","19,9998426963625","14,9998820222719","49,9996067409062"
38208,38,Lavars,149,"15,1013513513513",0,0,"20,1351351351351","35,2364864864865","10,0675675675676","40,2702702702702"
38209,38,Lentiol,229,"9,74468085106382","9,74468085106382","19,4893617021276","38,9787234042553","14,6170212765957","19,4893617021276","58,4680851063829"
38210,38,Leyrieu,857,5,25,55,130,120,85,165
38211,38,Lieudieu,"346,999999999998",0,"25,2915451895044","25,2915451895044","30,3498542274052","55,6413994169096","35,4081632653061","75,8746355685131"
38212,38,Livet-et-Gavet,1300,0,"20,488573680063","35,8550039401103","92,1985815602837","230,496453900709","235,618597320725","235,618597320725"
38213,38,Longechenal,577,"4,94006849315068","14,820205479452","34,5804794520548","49,4006849315068","59,2808219178082","69,1609589041095","167,962328767123"
38214,38,Lumbin,2151,"9,9266541822722","89,3398876404498","352,396223470663","263,056335830213","193,569756554308","164,528714107359","431,809456928841"
38215,38,Luzinay,2333,"30,916504454447","90,2927464219339","192,829335145334","371,863867098089","305,691958894903","170,750294302199","469,375524906075"
38216,38,Malleval-en-Vercors,54,0,"4,90909090909091","4,90909090909091","14,7272727272727",0,"9,81818181818182","9,81818181818182"
38217,38,Marcieu,72,0,0,5,10,15,10,15
38218,38,Marcilloles,1140,"4,8458904109589","77,5342465753424","48,458904109589","101,763698630137","150,222602739726","174,45205479452","198,681506849315"
38219,38,Marcollin,"657,999999999999","15,5924170616114","25,9873617693523","20,7898894154818","62,3696682464455","72,7646129541864","98,7519747235387","192,306477093207"
38221,38,Marnans,144,0,"9,72972972972972","4,86486486486486","9,72972972972972","29,1891891891892","19,4594594594594","24,3243243243243"
38222,38,Massieu,752,15,25,30,110,90,90,190
38223,38,Maubec,1765,15,45,270,240,185,145,365
38224,38,Mayres-Savel,94,0,"4,84536082474227",0,"4,84536082474227","14,5360824742268","4,84536082474227","33,9175257731959"
38225,38,Autrans-Méaudre en Vercors,3030,40,175,175,390,390,275,690
38226,38,Mens,1397,"29,9593350952924","69,7413969131725","39,7869476422576","135,061636852518","209,229090268605","96,0546530275105","490,320768469277"
38228,38,Merlas,"482,999999999999","5,07352941176471","15,2205882352941","15,2205882352941","76,1029411764707","60,8823529411765","40,5882352941177","131,911764705882"
38229,38,Meylan,17448,"11,8657543280788","462,141412651628","3172,69256304085","1941,07459928937","1510,16797817531","591,213084386713","4716,99947419047"
38230,38,Meyrié,1024,"5,4139915151079","29,5257205730154","175,798639046257","123,535911053607","74,3027603868284","65,787955460066","250,842022446126"
38231,38,Meyrieu-les-Étangs,1023,"4,95818695845886","34,707308709212","104,121926127636","133,871047878389","168,578356587601","94,2055522107183","208,243852255272"
38232,38,Meyssiez,638,0,"19,9687010954616","44,9295774647887","99,8435054773082","74,8826291079811","79,8748043818466","129,796557120501"
38235,38,Miribel-Lanchâtre,445,0,"19,5175438596491","29,2763157894737","92,7083333333333","53,6732456140351","43,9144736842105","39,0350877192982"
38236,38,Miribel-les-Échelles,1721,10,80,85,225,215,180,415
38237,38,Mizoën,"191,000000000001","5,02631578947368",0,"5,02631578947368","20,1052631578947","30,1578947368421","20,1052631578947","80,4210526315789"
38238,38,Moidieu-Détourbe,1914,"24,3140243902439","72,9420731707317","155,609756097561","267,454268292683","286,905487804878","145,884146341463","369,573170731707"
38239,38,Moirans,"7674,99999999998","20,4844409723174","250,934401910889","691,349882815714","911,557623268126","870,588741323491","711,924871812785","1769,5978567647"
38240,38,Moissieu-sur-Dolon,723,"4,89837398373984","34,2886178861789","14,6951219512195","78,3739837398374","88,1707317073171","107,764227642276","181,239837398374"
38241,38,Monestier-d'Ambel,18,0,"5,625",0,0,"5,625",0,"5,625"
38242,38,Monestier-de-Clermont,1428,0,70,50,240,190,155,260
38243,38,Le Monestier-du-Percy,252,5,20,10,25,20,10,70
38244,38,Monsteroux-Milieu,796,5,15,30,110,115,110,165
38245,38,Montagne,267,10,10,10,50,45,40,50
38246,38,Montagnieu,1094,"15,3637288964165","40,4266083699037","100,917263546206","136,279118315233","140,94875964949","146,114018096589","149,991916587311"
38247,38,Montalieu-Vercieu,3417,"4,85921501706485","77,7474402730376","92,3250853242321","374,159556313993","413,033276450512","704,586177474403","621,979522184301"
38248,38,Montaud,"532,999999999998","10,1717557251908",0,"91,5458015267176","96,631679389313","30,5152671755725","30,5152671755725","111,889312977099"
38249,38,Montbonnot-Saint-Martin,5306,"4,83286254197149","173,983051510974","1092,22693448556","747,479503604262","401,127590983634","180,103382909206","1147,22532568627"
38250,38,Montcarra,551,0,"4,68537414965986","46,8537414965986","89,0221088435373","84,3367346938775","46,8537414965986","70,2806122448979"
38252,38,Montchaboud,337,0,"10,0541012072777","34,5361403138912","64,2313315763643","9,821934209435",0,"112,170910202885"
38253,38,Les Deux Alpes,1916,"4,93264248704663","221,968911917098","98,6528497409326","286,093264248705","335,487046632124","177,575129533679","350,217616580311"
38254,38,Monteynard,"493,000000000001",0,"25,3916339506774","45,7264805349669","65,8201558618168","70,9656266820458","55,6214314208981","67,1464096425096"
38255,38,Montfalcon,134,"20,1503759398496",0,0,"10,0751879699248","15,1127819548872",0,"45,3383458646617"
38256,38,Montferrat,1810,"34,5608292416803","59,2471358428805","98,7452264048008","276,486633933442","202,427714129842","286,361156573922","320,921985815603"
38257,38,Montrevel,446,10,5,20,50,85,60,80
38258,38,Mont-Saint-Martin,77,0,"4,8125","4,8125","9,625","14,4375","4,8125","19,25"
38259,38,Montseveroux,964,"10,0088779243668","40,179669660886","55,1209488179369","140,370357154677","85,2875087450911","95,2296139074139","271,884073932696"
38260,38,Moras,515,0,10,35,80,50,100,120
38261,38,Morestel,"4471,99999999998","10,167404006887","126,128529032211","171,769818356652","429,827050645683","556,583022544065","500,46076756263","1187,00455139596"
38263,38,Morette,"409,999999999998",0,"38,4718498659517","10,9919571045576","60,455764075067","49,4638069705094","32,9758713136729","115,415549597855"
38264,38,La Morte,134,"9,85294117647058","24,6323529411764",0,"4,92647058823529","4,92647058823529","9,85294117647058","59,1176470588235"
38265,38,La Motte-d'Aveillans,1701,0,"44,1566006392561","64,739880725497","231,525037638624","240,194241349783","198,861377486259","394,751104073082"
38266,38,La Motte-Saint-Martin,"448,999999999999",0,"20,0626331057979","40,2419529237901","81,2900375993772","50,7984533844555","45,8271679433245","69,7999185039678"
38267,38,Mottier,742,"4,83072916666667","33,8151041666667","19,3229166666667","86,9531250000001","67,6302083333334","101,4453125","144,921875"
38268,38,Le Moutaret,"260,999999999999",0,"15,0576923076923","20,0769230769231","45,1730769230769","10,0384615384615","15,0576923076923","75,2884615384615"
38269,38,La Mure,"4929,99999999999","24,9582713902145","124,380318737151","169,536215153005","378,357219642389","677,615470343408","537,467910182161","1540,84682815244"
38270,38,La Murette,1860,10,45,270,255,180,115,415
38271,38,Murianette,"872,000000000004",0,"15,1740139211137","101,160092807425","121,39211136891","85,9860788863109","65,754060324826","212,436194895592"
38272,38,Murinais,"400,999999999999","20,5302481530041","10,5189541884123","40,5731431787555","57,0053806986567","36,0555186265994","20,6127829668749","105,376907255628"
38273,38,Nantes-en-Ratier,466,5,15,45,45,65,30,120
38275,38,Serre-Nerpol,302,"24,4890887854562","4,89781775709124","14,6934532712737","44,3763179958252","44,1790125411558","29,3869065425474","58,7738130850949"
38276,38,Nivolas-Vermelle,"2648,99999999999","10,0114417795608","115,13158046495","195,223114701436","340,389020505069","390,446229402873","240,27460270946","523,850880299608"
38277,38,Notre-Dame-de-Commiers,"519,999999999998",0,"20,0735721089629","55,1101776516067","65,130718977095","90,417237502414","55,2786736545457","59,6524890889322"
38278,38,Notre-Dame-de-l'Osier,497,"5,06145767277107","5,05374740163743","60,7452846689224","55,660672674281","60,7452729415803","40,4763349456186","155,760019868825"
38279,38,Notre-Dame-de-Mésage,1131,5,15,70,170,165,80,340
38280,38,Notre-Dame-de-Vaulx,515,0,"9,8848368522073","34,5969289827256","84,021113243762","54,3666026871402","34,5969289827256","158,157389635317"
38281,38,Noyarey,2216,"20,1981415353063","79,4977554993996","218,909297784886","309,933623911324","259,2952553106","184,029054923457","562,014917318761"
38282,38,Optevoz,858,"14,5578231292517","43,6734693877551","43,6734693877551","111,609977324263","116,462585034014","116,462585034014","135,873015873016"
38283,38,Oris-en-Rattier,112,0,0,"5,28301886792453","10,5660377358491","10,5660377358491","10,5660377358491","52,8301886792453"
38284,38,Ornacieux-Balbins,"846,000000000001","15,1851851851852","46,2962962962963","51,4814814814815","102,037037037037","101,296296296296","90,925925925926","224,444444444445"
38285,38,Ornon,161,5,10,10,20,10,25,45
38286,38,Oulles,6,0,0,"4,28571428571429",0,0,0,0
38287,38,Oyeu,1033,0,"35,9397139774175","102,696147901832","138,625374621033","143,777243841119","97,5416840275996","225,779397919469"
38288,38,Oytier-Saint-Oblas,1653,0,"58,895486935867","137,422802850356","319,017220902613","269,937648456057","147,238717339667","245,397862232779"
38289,38,Oz,"223,999999999999",0,"21,0328638497652","26,2910798122066","26,2910798122066","47,3239436619718","5,25821596244131","42,0657276995305"
38290,38,Pact,852,"10,2799821665694","30,2738806519311","40,4516756543332","120,521034384678","100,248430349504","156,967314678779","169,983430450345"
38291,38,Pajay,1147,0,"35,4875884628721","25,382815181998","86,2212159006043","207,801492837747","182,709214964568","224,19224569658"
38292,38,Villages du Lac de Paladru,2507,"19,8337939613872","84,2936243358958","218,17173357526","342,13294583393","292,548460930462","242,963976026994","609,889164312658"
38294,38,Panossas,662,"9,5868116208905","35,2450592371096","54,5179860543561","139,604042902498","99,6685685975145","45,5554428925203","67,1112180628274"
38295,38,Parmilieu,709,"15,1304268947429","31,266072653455","10,0874210017884","110,926441087786","65,5478272387959","110,941924390438","176,551673840033"
38296,38,Le Passage,833,0,"31,7592592592593","81,6666666666667","122,5","127,037037037037","104,351851851852","113,425925925926"
38297,38,Arandon-Passins,1828,"19,5192327170449","68,3173145096572","63,437506330396","253,750025321584","190,312518991188","312,307723472719","365,985613444592"
38298,38,Le Péage-de-Roussillon,6588,"15,4826446281858","178,836862832743","159,987327824587","521,249035815589","586,546504708302","922,98973353014","1514,42865182948"
38299,38,Pellafol,137,"5,03676470588235",0,0,"25,1838235294118","10,0735294117647","20,1470588235294","70,5147058823529"
38300,38,Penol,356,"4,9171270718232","9,8342541436464","24,585635359116","39,3370165745856","49,171270718232","29,5027624309392","88,5082872928176"
38301,38,Percy,172,0,"5,08995523585241","5,08995523585241","10,1799104717048","10,1799104717048","5,08995523585241","66,1694180660813"
38303,38,La Pierre,"569,999999999998",0,"25,2212389380531","50,4424778761062","95,8407079646018","70,6194690265487","35,3097345132743","95,8407079646018"
38304,38,Pierre-Châtel,1496,"20,0240285348934","60,0246815098254","90,0725182219785","139,69405237275","235,312379924418","205,1215466345","326,693443071358"
38307,38,Pisieu,525,"25,017107347674","9,729040193074","9,9005542619971","54,5534118576653","78,9678180566574","73,6698958235314","126,230210539226"
38308,38,Plan,263,0,0,10,50,25,30,55
38309,38,Poisat,"2146,99999999999",0,"50,4832902069711","282,706425159038","196,884831807187","141,066049124086","100,392253503075","691,621075835504"
38310,38,Poliénas,1200,"10,297753337699","30,5069854418357","40,6888328811685","203,63655179186","96,9007861250737","142,77849256326","288,417708402772"
38311,38,Pommier-de-Beaurepaire,"705,000000000001","20,1706950134053","30,1397319033478","25,2247435686046","85,2282086958196","84,9964259569866","79,8505169532529","141,700918509442"
38313,38,Ponsonnas,293,0,"20,3472222222222","15,2604166666667","30,5208333333334","30,5208333333334",0,"137,34375"
38314,38,Pontcharra,"7375,99999999998","5,30986373257672","149,060991479115","576,60109866929","883,302860428281","1009,10566643402","835,437408583298","1463,44232447512"
38315,38,Le Pont-de-Beauvoisin,3582,"19,7721093204176","113,265384340518","182,830791980886","367,143854048596","558,321047505105","420,203780913434","879,551230003635"
38316,38,Pont-de-Chéruy,5876,"4,88254353989469","142,380929923748","122,063588497367","751,592625265622","810,527351949562","1035,7268577854","1018,71772536531"
38317,38,Le Pont-de-Claix,10605,0,"228,797834147427","305,255845993321","1206,16458573769","1801,49071236438","1322,52260818903","1948,51978255727"
38318,38,Pont-Évêque,5207,0,155,190,485,570,740,1110
38319,38,Pont-en-Royans,"779,000000000001",0,"35,0011358134625","49,9538879198505","84,8619865432179","99,4015231343501","79,5861691325115","256,746775200687"
38320,38,Porcieu-Amblagnieu,1776,"9,94400895856662","74,5800671892496","49,7200447928331","233,684210526316","243,628219484882","273,460246360582","377,872340425532"
38321,38,Prébois,164,0,"4,93975903614458","4,93975903614458","19,7590361445783","29,6385542168675","9,87951807228916","39,5180722891566"
38322,38,Presles,90,0,"9,47368421052632",0,"9,47368421052632","4,73684210526316","9,47368421052632","28,421052631579"
38323,38,Pressins,1155,"19,9539406671867","30,2555757779883","69,9579248451445","164,632657648567","114,993831209598","154,6565266036","252,514123190429"
38324,38,Primarette,"717,000000000001","24,9287627998318","25,0426266267648","35,0153202583563","64,4706347671197","55,0706172416333","109,288469308146","176,911056574938"
38325,38,Proveysieux,509,0,5,55,95,60,20,130
38326,38,Prunières,361,0,0,"19,3565683646113","43,5522788203754","38,7131367292226","58,0697050938338","96,7828418230564"
38328,38,Quaix-en-Chartreuse,887,0,45,235,105,60,25,145
38329,38,Quet-en-Beaumont,"68,0000000000001",0,"5,07462686567164","5,07462686567164",0,"10,1492537313433","15,2238805970149","20,2985074626866"
38330,38,Quincieu,101,0,"4,90291262135922",0,"29,4174757281553","4,90291262135922","9,80582524271844","24,5145631067961"
38331,38,Réaumont,1010,0,"25,3006012024048","131,563126252505","141,683366733467","91,0821643286573","96,1422845691382","207,464929859719"
38332,38,Renage,3487,"10,0704361950684","108,376988801545","184,021433902998","377,31629852407","466,66131748995","433,070383644804","788,085147462904"
38333,38,Rencurel,"323,000000000001","15,0535832849292","15,1804985999417","20,0096778200821","30,2325066068025","24,8396593130434","39,9602079856161","83,99521640155"
38334,38,Revel,1313,"4,99619482496195","94,927701674277","289,779299847793","164,874429223744","109,916286149163","29,9771689497717","234,821156773212"
38335,38,Revel-Tourdan,1052,"5,00952380952381","35,0666666666667","40,0761904761905","100,190476190476","130,247619047619","185,352380952381","235,447619047619"
38336,38,Reventin-Vaugris,1941,"14,5139581256231","106,435692921236","169,329511465603","290,279162512463","222,547357926221","183,843469591226","396,714855433699"
38337,38,Rives,"6606,00000000001","15,7677053143073","176,74187619233","338,709887403795","860,113978416708","899,591481410229","781,120313684652","1514,8673650619"
38338,38,La Rivière,"741,000000000001",0,"20,0323084186386","74,467376173871","108,58348272851","99,9567656126509","69,7751883176769","106,673892054558"
38339,38,Roche,2105,0,"53,8488372093023","220,290697674419","332,883720930232","249,662790697674","176,232558139535","465,058139534883"
38340,38,Les Roches-de-Condrieu,1915,0,"40,3061283169098","134,785588881115","314,236657703443","229,099033258824","163,085446551135","457,021764130107"
38341,38,Rochetoirin,1104,"9,89778970623708","39,350151926338","62,6214441837484","214,52964811451","176,851918559836","138,868618959001","171,563623079994"
38342,38,Roissard,311,"19,6825371880715",0,"24,6031714850894","49,2063429701787","9,84126859403574","29,5238057821072","73,809514455268"
38343,38,Romagnieu,1566,"39,6882924569267","75,2279349416504","105,896498005376","229,323488093524","224,598722796145","179,919648122188","276,956883009563"
38344,38,Roussillon,8453,"14,9887201027297","244,815761677919","324,342514794091","869,345765958324","1049,21040719108","1129,15381054385","1943,53737332062"
38345,38,Rovon,609,5,30,35,105,85,80,95
38346,38,Royas,398,0,15,15,60,40,60,90
38347,38,Roybon,1150,"33,0612768667719","44,7677882547387","43,5972752324327","67,2558736302072","157,125104398734","135,608865095414","438,717413805398"
38348,38,Ruy-Montceau,4606,"31,0566976289156","278,354321360857","513,68064736254","566,114013906728","531,516030042269","319,59573936609","1028,20936886757"
38349,38,Sablons,2297,"15,427473080256","60,3292005505393","115,099853424165","320,632990143933","310,634299897947","314,314385984962","461,210969841139"
38350,38,Sainte-Agnès,"558,000000000001","5,03610108303249","20,14440433213","90,6498194945848","95,6859205776173","45,3249097472924","15,1083032490975","125,902527075812"
38351,38,Saint-Agnin-sur-Bion,1076,"5,16047983358175","72,2729030598175","123,773645667105","134,085935194455","118,595825529547","82,54191499113","206,827504927783"
38352,38,Saint-Alban-de-Roche,2056,"4,82629107981221","106,178403755869","202,704225352113","337,840375586855","231,661971830986","168,920187793427","400,582159624413"
38353,38,Saint-Alban-du-Rhône,"835,999999999999","10,1415925207184","29,7019525212736","20,4745230125566","139,438765306752","131,489462516321","119,127488103776","201,96257928107"
38354,38,Saint-Albin-de-Vaulserre,403,"15,055922566423","15,094969361919","25,1244829412318","45,167876855206","60,3330625582629","65,3282777826756","80,5795072040292"
38355,38,Saint-Andéol,122,0,0,10,20,15,10,40
38356,38,Saint-André-en-Royans,"312,000000000001",0,"59,2779030488283","25,385164296768","19,7136271397374","28,6841009242626","34,5787864527308","88,0140825109967"
38357,38,Saint-André-le-Gaz,"2776,99999999999","35,1860467406558","85,4518277987355","191,009968020703","351,860467406558","281,879206708637","369,062505879404","562,621258513969"
38358,38,Sainte-Anne-sur-Gervonde,715,"5,31647082714944","32,0083277736772","53,4660513684641","85,3381302900556","74,9515027089171","74,6514146350326","118,194898790657"
38359,38,Saint Antoine l'Abbaye,1164,"29,8365532663831","59,7185764046381","49,3745115306003","158,762639748232","114,855053489488","100,024477461241","332,032452291987"
38360,38,Saint-Appolinard,409,10,20,15,80,25,45,90
38361,38,Saint-Arey,"80,9999999999998",0,"5,25974025974026","5,25974025974026","10,5194805194805",0,"15,7792207792208","5,25974025974026"
38362,38,Saint-Aupre,1147,0,"59,4814174589455","168,530682800346","133,833189282627","138,789974070873","64,438202247191","277,579948141746"
38363,38,Saint-Barthélemy,930,"15,0229607230638","54,5296556122748","38,602397516359","109,015319198649","117,102388989433","157,973640557945","158,902507584281"
38364,38,Saint-Barthélemy-de-Séchilienne,432,0,0,"34,3156864937654","63,8567016022375","53,9352564677826","34,6107904746226","94,4301864418184"
38365,38,Saint-Baudille-de-la-Tour,"817,000000000001","5,02189884093537","45,2602001266962","75,225473317189","155,451460973557","80,2886630524251","70,3911665883997","161,267188454328"
38366,38,Saint-Baudille-et-Pipet,259,"4,98076923076923","19,9230769230769","14,9423076923077","9,96153846153846","44,8269230769231","29,8846153846154","69,7307692307692"
38368,38,Saint-Blaise-du-Buis,1071,"15,689097523018","20,39781887283","92,3992741211121","165,239748242081","97,3960933226852","138,640113734622","203,504956903466"
38369,38,Sainte-Blandine,"958,999999999999","9,6378623432344","34,0351036902954","107,754712657266","113,163940420857","78,0744182252028","82,6132259617235","290,467912744"
38370,38,Saint-Bonnet-de-Chavagne,644,"24,65488811862","14,792932871172","34,516843366068","69,033686732136","93,688574850756","88,757597227032","143,069962796224"
38372,38,Saint-Bueil,723,"4,99273043191605","9,9854608638321","29,9563825914963","104,847339070237","109,840069502153","59,9127651829926","179,792915175782"
38373,38,Saint-Cassien,1156,"5,05686789151356","60,6824146981627","131,478565179353","131,478565179353","131,478565179353","70,7961504811898","318,582677165354"
38374,38,Saint-Chef,3637,"19,7022978881756","142,841659689273","300,460042794678","551,664340868918","413,748255651688","359,566936459205","715,771234533445"
38375,38,Saint-Christophe-en-Oisans,107,0,"10,2884615384615",0,"10,2884615384615","10,2884615384615",0,"66,875"
38376,38,Saint-Christophe-sur-Guiers,"830,999999999999","4,76829965954941","34,8492632698885","64,5423051526371","109,126990625025","79,0341103867955","129,387788485842","172,895512332934"
38377,38,Saint-Clair-de-la-Tour,3454,5,100,190,435,450,500,675
38378,38,Saint-Clair-du-Rhône,"3760,99999999999","10,1511470985155","116,738191632928","238,551956815115","568,464237516869","593,842105263158","451,726045883941","776,562753036437"
38379,38,Saint-Clair-sur-Galaure,"276,000000000001","20,9885931558935","5,24714828897338",0,"36,7300380228137","20,9885931558935","47,2243346007604","73,4600760456273"
38380,38,Saint-Didier-de-Bizonnes,305,0,"9,80707395498392","24,5176848874598","34,3247588424437","34,3247588424437","58,8424437299035","49,0353697749196"
38381,38,Saint-Didier-de-la-Tour,2072,"43,8977861516722","97,5506358926048","170,713612812058","248,754121526142","273,141780499293","287,896844088554","390,202543570419"
38382,38,Saint-Égrève,15801,"3,7922111700641","434,313754535527","1899,67362390014","2109,9363841812","1845,09460182847","1095,60599553945","3483,34260914225"
38383,38,Saint-Étienne-de-Crossey,"2580,99999999999","10,4814898269931","71,8385183581108","292,934083253394","396,105482540039","290,904268139823","132,412198572869","608,097753200903"
38384,38,Saint-Étienne-de-Saint-Geoirs,3226,"4,94450382573006","100,118199985163","130,09497869969","364,630157646715","454,492469207619","391,234310099908","735,065211417402"
38386,38,Saint-Geoire-en-Valdaine,2390,20,110,160,290,305,260,600
38387,38,Saint-Geoirs,"510,999999999999",0,"20,197628458498","25,2470355731225","50,4940711462451","70,6916996047431","40,3952569169961","166,630434782609"
38388,38,Saint-Georges-de-Commiers,2406,"14,3542257889954","90,9100966636378","210,528644905267","344,501418935891","272,730289990914","239,237096483257","595,453653814707"
38389,38,Saint-Georges-d'Espéranche,3396,"9,87492756877562","113,56166704092","232,060797866227","538,183552498271","355,497392475922","439,434276810515","710,994784951845"
38390,38,Saint-Gervais,540,0,30,30,90,90,15,65
38391,38,Saint-Guillaume,252,"20,9128630705394","15,6846473029045","20,9128630705394","26,1410788381742","20,9128630705394","15,6846473029045","67,9668049792531"
38392,38,Saint-Hilaire-de-Brens,625,"5,17384105960265","20,6953642384106","77,6076158940398","113,824503311258","82,7814569536424","36,2168874172186","108,650662251656"
38393,38,Saint-Hilaire-de-la-Côte,1540,0,50,85,225,200,210,325
38394,38,Saint-Hilaire-du-Rosier,1868,40,75,110,180,230,240,455
38395,38,Plateau-des-Petites-Roches,"2407,99999999999","5,09669707455172","51,4240871596562","419,48652907438","425,623483786711","215,913405096972","146,060160129309","301,507285521313"
38396,38,Saint-Honoré,818,0,25,50,90,90,95,160
38397,38,Saint-Ismier,7026,10,255,1335,825,500,225,1835
38398,38,Saint-Jean-d'Avelanne,971,0,"24,7451580020387","39,592252803262","98,980632008155","113,827726809378","103,929663608563","247,451580020387"
38399,38,Saint-Jean-de-Bournay,4579,55,150,190,590,600,550,1230
38400,38,Saint-Jean-de-Moirans,"3543,00000000001","5,06878043281093","100,685738094903","405,233440168547","445,298351484662","410,717120570057","311,513073231874","654,63235139123"
38401,38,Saint-Jean-de-Soudain,1612,"19,4082000709401","82,4848503014953","67,9287002482903","232,898400851281","184,377900673931","232,898400851281","276,566851010896"
38402,38,Saint-Jean-de-Vaulx,"529,999999999999",0,"10,0189035916824","45,0850661625709","100,189035916824","80,1512287334594","30,0567107750473","80,1512287334594"
38403,38,Saint-Jean-d'Hérans,286,"9,93055555555556","9,93055555555556","14,8958333333333","29,7916666666667","29,7916666666667","64,5486111111111","79,4444444444445"
38404,38,Saint-Jean-le-Vieux,295,"5,13937282229965","15,4181184668989","66,8118466898954","35,9756097560975","20,5574912891986","10,2787456445993","30,8362369337979"
38405,38,Saint-Joseph-de-Rivière,1222,"4,99150796430985","34,9405557501689","119,796191143436","204,651826536704","149,745238929296","99,830159286197","199,660318572394"
38406,38,Saint-Julien-de-l'Herms,149,"20,2721088435374","5,06802721088435","5,06802721088435","15,2040816326531","5,06802721088435","20,2721088435374","35,4761904761905"
38407,38,La Sure en Chartreuse,985,"9,96963562753036","34,8937246963563","134,59008097166","139,574898785425","74,7722672064777","84,7419028340081","239,271255060729"
38408,38,Saint-Just-Chaleyssin,2611,10,120,310,330,255,220,510
38409,38,Saint-Just-de-Claix,1262,"9,27259368111682","74,1807494489346","74,1807494489346","106,634827332843","180,815576781778","241,087435709037","245,723732549596"
38410,38,Saint-Lattier,1366,25,65,85,145,220,175,280
38412,38,Saint-Laurent-du-Pont,"4520,00000000001",0,"125,289803401183","185,428909033751","556,286727101254","641,483793414058","536,240358557064","1076,63112873992"
38413,38,Saint-Laurent-en-Beaumont,"441,000000000001","5,13986013986014","10,2797202797203","15,4195804195804","56,5384615384615","41,1188811188811","82,2377622377622","97,6573426573427"
38414,38,Sainte-Luce,42,0,0,0,"10,5",0,"10,5","5,25"
38415,38,Saint-Marcel-Bel-Accueil,1413,"4,93365921787709","103,606843575419","202,280027932961","226,948324022346","103,606843575419","108,540502793296","261,483938547486"
38416,38,Saint-Marcellin,7791,10,155,375,755,1070,900,2430
38417,38,Sainte-Marie-d'Alloix,483,0,"40,6179515827697","75,6633072056267","60,8627616935677","45,4237237060004","15,2701769155967","76,598275913352"
38418,38,Sainte-Marie-du-Mont,"236,000000000001",0,"15,1222605865025","45,3667817595076","45,3667817595076","5,04075352883418","20,1630141153367","20,1630141153367"
38419,38,Saint-Martin-de-Clelles,189,5,10,20,15,15,35,35
38420,38,Saint-Martin-de-Vaulserre,"254,000000000001",0,"20,4838709677419","25,6048387096774","35,8467741935484","40,9677419354838","20,4838709677419","46,0887096774193"
38421,38,Saint-Martin-d'Hères,38398,"8,33384149640217","595,426436941903","2798,80516215906","4211,32573893579","5295,58096493329","3609,91659766883","5378,309567006"
38422,38,Saint-Martin-d'Uriage,5482,"14,914637361249","174,032860804604","1110,3214785341","735,817534744982","377,837479818307","188,918739909154","1252,82953834491"
38423,38,Saint-Martin-le-Vinoux,5799,15,180,590,690,685,540,1115
38424,38,Saint-Maurice-en-Trièves,161,"13,2472087019305","13,2472087019305",0,"13,2472087019305","30,9101536378378","22,0786811698841","39,8260156904182"
38425,38,Saint-Maurice-l'Exil,"6192,00000000002","40,0675835196859","181,150207607799","196,90997509162","646,902693477646","812,361627092545","852,058406090567","1258,89708057009"
38426,38,Saint-Maximin,659,5,30,70,55,45,65,195
38427,38,Saint-Michel-de-Saint-Geoirs,"300,999999999999","5,03344481605351","30,2006688963211","15,1003344481605","35,2341137123746","20,133779264214","30,2006688963211","90,6020066889632"
38428,38,Saint-Michel-en-Beaumont,31,0,0,0,0,0,0,25
38429,38,Saint-Michel-les-Portes,275,"4,79094076655052","9,58188153310104","28,7456445993031","38,3275261324042","38,3275261324042","23,9547038327526","57,4912891986062"
38430,38,Saint-Mury-Monteymond,"318,999999999999",0,"4,88120778969389","69,8478749288627","49,511780168836","34,9695594979132","29,9950431241909","60,9921364238822"
38431,38,Saint-Nazaire-les-Eymes,2949,0,"87,8374225566766","568,49993275818","381,616704999803","248,352539694366","74,225981780654","711,27004786911"
38432,38,Saint-Nicolas-de-Macherin,"958,000000000001","10,2490082180594","25,6145275011988","92,3894732428623","154,014884132125","97,571349918156","82,2058304668325","204,521187871811"
38433,38,Saint-Nizier-du-Moucherotte,1092,0,45,275,170,90,55,160
38434,38,Saint-Ondras,"645,000000000001","5,04327489137015","30,3185148254478","30,1739920507712","85,8236388267459","110,723357093853","85,5646925080999","167,442194849191"
38436,38,Saint-Paul-de-Varces,2222,"4,95878475694515","110,732434062762","217,632723448597","359,853405679803","237,084745251389","177,159435186104","485,934470996606"
38437,38,Saint-Paul-d'Izeaux,"293,000000000001","29,6556275426592",0,"19,7730028842919","9,88360103736451","49,6168947593377","39,8310526840014","80,2011936976434"
38438,38,Saint-Paul-lès-Monestier,"264,999999999999","10,0760456273764","10,0760456273764","30,2281368821293","40,3041825095057","25,1901140684411","20,1520912547528","60,4562737642585"
38439,38,Crêts en Belledonne,3299,40,75,265,490,425,360,565
38440,38,Saint-Pierre-de-Bressieux,758,20,40,20,90,45,115,205
38442,38,Saint-Pierre-de-Chartreuse,"989,000000000004","10,2821364532223","61,6928187193336","113,092366884048","97,6802963056115","149,079844470326","92,5392280790003","179,93738793139"
38443,38,Saint-Pierre-de-Chérennes,462,0,"25,4590947094923","19,7336097920523","70,4087355170983","58,3812175860259","59,9729210391434","94,0985930712778"
38444,38,Saint-Pierre-de-Méaroz,121,0,"5,21551724137931",0,"15,6465517241379","15,6465517241379","5,21551724137931","46,9396551724138"
38445,38,Saint-Pierre-de-Mésage,767,0,20,40,95,110,55,210
38446,38,Saint-Pierre-d'Entremont,"570,000000000001","29,9196999086843","44,9897728501441","24,9181319807356","99,7234904012641","69,9854932107815","54,9672582204105","140,165850904976"
38448,38,Saint-Prim,1390,0,"39,3597418173096","162,358934996402","245,998386358185","167,278902723566","93,4793868161103","285,614174425958"
38449,38,Saint-Quentin-Fallavier,"6082,99999999999","9,93218674918145","135,987799492413","195,215265286774","680,929139834751","739,691781882351","701,933250663997","1180,93576019958"
38450,38,Saint-Quentin-sur-Isère,1472,"15,1967757038569","65,8483785610273","136,928581660673","238,588206824897","162,304690126819","126,83554800302","259,604179292978"
38451,38,Saint-Romain-de-Jalionas,3324,25,165,210,440,475,410,700
38452,38,Saint-Romain-de-Surieu,353,0,"10,2403833747359","15,3605750621038","56,1999308825522","35,8413418115757","40,9615334989436","81,800889319392"
38453,38,Saint-Romans,1774,35,50,130,220,200,210,400
38454,38,Saint-Sauveur,2102,"19,8162706455729","49,5406766139323","79,2650825822917","217,978977101302","227,887112424089","173,392368148763","490,45269847793"
38455,38,Saint-Savin,4094,"31,1441416139595","182,917298426972","248,630891654753","601,222003135439","580,990233729931","528,427126233551","753,939468683346"
38456,38,Châtel-en-Trièves,463,"9,42973523421588","14,1446028513238","42,4338085539715","42,4338085539715","28,2892057026476","42,4338085539715","160,30549898167"
38457,38,Saint-Siméon-de-Bressieux,2888,"35,0016156913782","80,0689234093865","120,073713639724","239,98800796139","390,121090586807","334,86923705341","799,2971147498"
38458,38,Saint-Sorlin-de-Morestel,"621,000000000001","20,228013029316","25,285016286645","25,285016286645","106,197068403909","85,9690553745928","85,9690553745928","116,311074918567"
38459,38,Saint-Sorlin-de-Vienne,877,0,"45,1448947342018","35,2055187826788","105,374781087999","120,721355612924","80,3135794154982","262,706302043041"
38460,38,Saint-Sulpice-des-Rivoires,430,"9,9767981438515","34,9187935034803","24,9419953596287","49,8839907192575","54,8723897911833","54,8723897911833","94,7795823665893"
38462,38,Saint-Théoffrey,"533,999999999999",0,"4,88564777353042","72,3013358473035","95,042471646951","52,1408034481843","29,6194402128576","88,7477151169392"
38463,38,Saint-Vérand,1716,30,75,90,275,160,170,480
38464,38,Saint-Victor-de-Cessieu,2235,"15,1582298252449","65,4781774991962","126,370922172798","287,799017673991","319,060499623193","313,391844210095","398,338989403083"
38465,38,Saint-Victor-de-Morestel,1086,"10,0458736967579","34,8636777454008","44,8699159609861","158,579754952311","104,046953575717","149,461659769577","256,132696416067"
38466,38,Saint-Vincent-de-Mercuze,1512,"4,88790249059905","59,3373798637778","174,566214816697","218,812472771602","114,630415636954","139,503199186471","488,992321614252"
38467,38,Salagnon,1436,0,"69,2286501377411","93,9531680440772","227,465564738292","192,851239669422","148,347107438017","247,245179063361"
38468,38,Salaise-sur-Sanne,4485,10,175,130,545,520,560,1040
38469,38,La Salette-Fallavaux,"67,0000000000002","5,31208086745464","5,31208086745464",0,"25,7315417510904",0,0,"15,6599550736363"
38470,38,La Salle-en-Beaumont,328,0,"24,1727907480219","4,79352179741876","33,5546525819313","38,5533561402782","9,58704359483752","100,663957745794"
38471,38,Le Sappey-en-Chartreuse,1127,"9,94694960212202","39,7877984084881","248,67374005305","188,992042440318","54,7082228116711","34,8143236074271","179,045092838196"
38472,38,Sarcenas,202,0,"4,44933920704846","44,4933920704846","26,6960352422908","13,3480176211454","13,3480176211454","31,1453744493392"
38473,38,Sardieu,1137,10,50,40,155,135,105,205
38474,38,Sassenage,11277,"8,76430915691835","324,090532312063","1154,32015572181","1616,12051729889","1572,47858849386","924,975353767472","2487,5273570205"
38475,38,Satolas-et-Bonce,2438,"10,1062695529751","141,776199020849","212,328560169609","422,317696537525","309,683623612708","218,508646802147","351,205528879365"
38476,38,Savas-Mépin,"896,000000000001","15,1264315550492","25,1756786617761","45,3265787135768","95,6250819065606","130,823889104691","115,776428271495","166,668280892464"
38478,38,Séchilienne,1051,0,"30,3194129020069","45,4342562556449","172,029305738897","151,95207243899","101,55502446025","180,361331452433"
38479,38,Porte-des-Bonnevaux,2008,"25,0832037448753","104,666363729955","130,244508556119","240,278069816463","295,235133983537","179,96700064797","415,820135602904"
38480,38,Septème,2067,"4,99033816425121","79,8454106280194","159,690821256039","324,371980676329","274,468599033817","224,565217391304","384,256038647343"
38481,38,Sérézin-de-la-Tour,1068,"10,1275453228429","60,5817967821684","156,650525592163","171,88344597259","70,7095899952912","80,5506489222089","160,897354300927"
38483,38,Sermérieu,"1662,99999999999","10,0544135429262","90,4897218863362","95,5169286577993","306,65961305925","221,197097944377","180,979443772672","311,686819830713"
38484,38,Serpaize,2030,"10,4361753472012","89,4811012431893","190,262197531533","290,449651644767","184,852173806954","173,662798807432","381,24419498864"
38485,38,Seyssinet-Pariset,12017,0,"309,590216174178","1192,74384549201","1701,78753095313","1557,80328366611","1046,736968663","2857,69561575069"
38486,38,Seyssins,7783,0,"258,830346549518","1001,61344522053","993,671072626557","692,108322280061","316,966180935623","2251,5955215074"
38487,38,Seyssuel,2010,15,60,240,355,170,110,450
38488,38,Siccieu-Saint-Julien-et-Carisieu,580,0,"29,9698825516749","59,8476865476906","89,5852265077595","49,7480113178002","59,2977612465579","130,526626018958"
38489,38,Siévoz,135,0,"15,2255639097744",0,0,"25,3759398496241","20,3007518796992","35,5263157894737"
38490,38,Sillans,1921,5,60,150,200,300,245,405
38492,38,Sinard,"703,999999999999","20,4114247182001","45,7792702231675","76,273500856043","106,738234678051","40,6497865512278","30,7048614594822","123,099703768117"
38494,38,Soleymieu,780,0,20,60,135,135,65,155
38495,38,La Sône,586,5,5,20,25,105,100,165
38496,38,Sonnay,1243,15,60,75,135,160,145,280
38497,38,Sousville,142,"9,93006993006994","9,93006993006994",0,"9,93006993006994","19,8601398601399","4,96503496503497","44,6853146853147"
38498,38,Succieu,733,"20,3804702594032","34,9486017551302","44,4685668148234","140,826029312522","85,1160642277804","74,7971196777153","118,32095332846"
38499,38,Susville,"1239,00000000001","5,26886383348023","36,8820468343616","10,5377276669605","136,990459670486","173,872506504848","264,905464006781","263,443191674011"
38500,38,Têche,"574,000000000001","30,2462846715418","45,0297710648169","51,1878289184803","69,9810309743273","59,7860196826731","65,0932787259646","117,857349833391"
38501,38,Tencin,2112,"4,96240601503759","64,5112781954887","238,195488721804","401,954887218045","267,96992481203","188,571428571428","267,96992481203"
38503,38,La Terrasse,2524,0,"106,174383823538","374,138304901991","303,355382352966","318,523151470614","166,845460294131","520,760073039258"
38504,38,Theys,1980,"34,4483080892676","73,8178030484305","255,901717234559","280,507651584036","152,556792966756","177,162727316233","462,591565770165"
38505,38,Thodure,757,0,"48,1552162849873","38,5241730279898","91,4949109414759","91,4949109414759","101,125954198473","178,174300254453"
38507,38,Tignieu-Jameyzieu,"7385,00000000001","5,211924630214","233,06773030342","480,599338574378","1024,63448749659","853,523791670926","954,929297826547","1438,12225851143"
38508,38,Torchefelon,766,"13,9951278928136","23,3252131546894","41,9853836784409","107,295980511571","111,961023142509","83,9707673568818","135,286236297199"
38509,38,La Tour-du-Pin,8137,0,245,455,810,850,975,1830
38511,38,Le Touvet,"3202,99999999998","10,0810577762125","100,810577762125","352,837022167439","428,444955489033","393,161253272289","181,459039971826","772,416452404351"
38512,38,Tramolé,"767,999999999999",0,0,"86,5823417631814","122,229532486282","106,946219632538","66,1953233684677","132,332790694343"
38513,38,Treffort,"296,000000000001",0,"10,4593639575972","36,6077738515901","26,148409893993","31,3780918727915","31,3780918727915","36,6077738515901"
38514,38,Tréminis,177,"14,75","9,83333333333334",0,"9,83333333333334","4,91666666666667","24,5833333333333","68,8333333333334"
38515,38,Trept,2173,"15,4965585523946","82,5393459304276","118,641392708455","350,645214160495","320,057346627152","222,139431804918","372,624842593459"
38516,38,La Tronche,"6588,00000000002","5,00000000000003","129,409203404631","1167,62600090271","753,807471321571","581,858849662841","164,907420427393","1263,46689611659"
38517,38,Tullins,"7718,99999999999","25,0543332705633","190,934694281159","587,899147790937","996,116582246013","989,721453279019","877,017666845241","1614,08748627329"
38518,38,Valbonnais,501,"9,78515625","14,677734375","9,78515625","34,248046875","53,818359375","58,7109375","210,380859375"
38519,38,Valencin,2795,"10,5621847630253","111,996096500796","320,000499808977","392,08348317185","370,850635215472","319,79637244566","386,103184251582"
38520,38,Valencogne,691,"5,13447293768015","35,8872531636156","20,3720349765251","66,5822981131384","81,3769492659724","111,904906870922","135,411858871683"
38521,38,La Valette,70,0,0,20,15,10,5,15
38522,38,Valjouffrey,132,0,"4,78260869565217","4,78260869565217","14,3478260869565","14,3478260869565","9,56521739130434","62,1739130434782"
38523,38,Varacieux,842,25,45,35,75,135,115,195
38524,38,Varces-Allières-et-Risset,"8272,00000000002","5,07882695327548","208,231905084295","741,50873517822","1060,16635802899","2169,92897352829","457,094425794793","1309,6040879142"
38525,38,Vasselin,461,"5,27595104413247","38,6832256756393","25,4847406100066","35,0116395481206","68,5699871238746","55,0651407167825","103,253586022198"
38526,38,Vatilieu,362,0,10,25,80,15,40,100
38527,38,Vaujany,"339,000000000001",0,"9,9052251501097","15,1321443807145","95,7963837127439","29,8974322828818","25,0828087389624","69,8368242357354"
38528,38,Vaulnaveys-le-Bas,1292,"15,1199237486271","45,3589464529538","131,042637719243","176,402821176026","131,039751230749","145,960627161589","282,21589660663"
38529,38,Vaulnaveys-le-Haut,3902,"10,4856181631763","272,330336084518","592,091390859194","487,104370482392","366,394191914902","188,347055846849","846,533922357637"
38530,38,Vaulx-Milieu,2546,0,"75,4644700245098","186,321953156236","423,001190949293","362,572449385108","186,321953156236","574,073044859755"
38531,38,Velanne,543,10,20,30,85,95,70,95
38532,38,Vénérieu,892,5,20,80,130,90,95,180
38533,38,Venon,"723,000000000001",0,"31,2643112948946","135,215415640397","86,0309742387523","59,5535192514344","19,009185190799","184,080470246875"
38535,38,Vernas,265,0,"4,9812030075188","29,8872180451128","34,8684210526316","24,906015037594","34,8684210526316","39,8496240601504"
38536,38,Vernioz,1346,"4,81746599856836","86,7143879742305","86,7143879742305","245,690765926986","163,793843951324","139,706513958482","221,603435934145"
38537,38,La Verpillière,7305,0,"161,855746147242","490,152579291577","956,028692794402","829,270877247436","995,852797042569","1230,42673106232"
38538,38,Le Versoud,4876,"9,78812059721578","141,927748659629","577,499115235731","748,791225687007","665,592200610673","396,470793704328","812,41400956891"
38539,38,Vertrieu,625,10,20,70,115,100,70,60
38540,38,Veurey-Voroize,1436,0,"40,0837923972019","205,42943603566","190,398013886709","155,324695539157","85,1780588440541","330,681974128125"
38542,38,Veyssilieu,333,0,"15,2752293577982","50,9174311926606","30,5504587155964","30,5504587155964","15,2752293577982","81,467889908257"
38543,38,Vézeronce-Curtin,2147,"14,9074856602829","106,462019424773","90,5945965065091","272,937010805067","231,980826921988","296,240346898978","481,39877344346"
38544,38,Vienne,29583,"21,5273437051209","821,411453144756","2212,68076428639","3871,1865948766","3486,10160665316","2996,03450852512","6466,57437156562"
38545,38,Vif,"8580,00000000001","10,2307897467274","301,444872885815","574,473071085455","1318,7703406597","1221,1700273396","816,90800000536","1797,86333709218"
38546,38,Vignieu,"994,000000000004","5,09995382472528","40,7996305978022","71,3993535461539","122,398891793407","122,398891793407","127,498845618132","209,098106813736"
38547,38,Villard-Bonnot,7175,"9,79602890795956","127,348375803474","720,008124735028","1043,27707869769","891,540848469169","680,926226948038","1440,01624947006"
38548,38,Villard-de-Lans,"4238,99999999999","45,6164002447685","247,169584005908","347,692943678837","563,254766682351","580,433551129458","282,403337836916","957,827011003407"
38549,38,Villard-Notre-Dame,28,0,0,0,0,5,5,15
38550,38,Villard-Reculas,56,0,0,5,10,5,0,15
38551,38,Villard-Reymond,"42,0000000000001",0,"10,7692307692308","10,7692307692308",0,0,0,"5,38461538461538"
38552,38,Villard-Saint-Christophe,"404,999999999999","10,0273165740334","9,63721679511177","29,5817289019963","70,2122697997542","34,446677961976","24,8128932882976","113,40947691354"
38553,38,Villefontaine,18808,"8,35090870204906","257,378407652232","953,005533215353","1995,5109325026","2477,47176851162","2829,92860705327","2048,49601590987"
38554,38,Villemoirieu,1837,0,"19,3626229798941","143,465385512271","336,455737683178","197,96077238843","135,356477323098","413,781550822667"
38555,38,Villeneuve-de-Marc,1153,"14,8327615780446","59,3310463121784","64,2753001715266","138,43910806175","138,43910806175","158,216123499142","262,045454545455"
38556,38,Ville-sous-Anjou,1176,"4,9746192893401","24,8730964467005","114,416243654822","189,035532994924","79,5939086294416","154,213197969543","298,477157360406"
38557,38,Villette-d'Anthon,"5034,99999999999",0,"307,048487159486","472,774160229997","703,361795440605","545,15633707971","439,885369653276","1086,57017267927"
38558,38,Villette-de-Vienne,1923,10,35,220,345,200,105,385
38559,38,Vinay,4298,"29,1904138994218","97,3013796647394","233,523311195375","535,157588156067","559,482933072252","593,53841595491","965,457359411615"
38560,38,Val-de-Virieu,1537,"39,7537453551788","73,768651598331","63,8871427525766","143,384905376036","152,968355596921","187,406464727885","477,364963747156"
38561,38,Viriville,1647,"9,77367480643596","58,6420488386158","73,3025610482697","156,378796902975","195,473496128719","278,549731983425","351,852293031695"
38562,38,Vizille,"7303,00000000003",0,"151,181435129785","282,205345575598","886,931086094738","1078,42757059247","740,789032135946","1865,31529472104"
38563,38,Voiron,20248,"32,0438900980974","430,167533934202","1807,8098846043","2537,45288101301","2502,24604132647","1901,54478331866","5070,91359996673"
38564,38,Voissant,230,"4,91414381487395","4,91414381487395",0,"29,4848628892437","49,1414381487395","24,5707190743698","63,8838695933613"
38565,38,Voreppe,9229,0,365,945,1225,1030,670,2305
38566,38,Vourey,1702,"10,0666321826711","50,3331609133554","216,432591927428","156,032798831402","216,432591927428","140,932850557395","404,194447065244"
38567,38,Chamrousse,403,0,60,20,60,55,30,55
